{"cameraMode":{"drawMode":0,"name":"Shaded","section":"Shading Mode"},"sceneLighting":false,"audioPlay":false,"sceneViewState":{"m_AlwaysRefresh":false,"showFog":true,"showSkybox":false,"showFlares":true,"showImageEffects":true,"showParticleSystems":true,"showVisualEffectGraphs":true,"m_FxEnabled":true},"in2DMode":false,"pivot":{"x":-0.7116997241973877,"y":6.7664313316345219,"z":0.09111003577709198},"rotation":{"x":0.10233215242624283,"y":0.24909014999866486,"z":-0.026472071185708047,"w":0.9627082347869873},"size":11.10529899597168,"orthographic":false}